"Year","Area","Street","Street.2"
2011,"Birmingham",,
2011,"",,
2011,"",,
2011,"",,
2011,"",,
2011,"",,
2011,"",,
2011,"",,
2011,"",,
2011,"",,
2011,"",,
2011,"",,
2011,"",,
2011,"",,
2011,"",,
2011,"",,
2011,"",,
2011,"",,
2011,"",,
2011,"",,
2011,"",,
2011,"",,
2011,"",,
2011,"",,
2011,"",,
2011,"",,
2011,"",,
2011,"",,
2011,"",,
2011,"",,
2011,"",,
2011,"",,
2011,"",,
2011,"",,
2011,"",,
2011,"",,
2011,"",,
2011,"",,
2011,"",,
2011,"",,
2011,"",,
2011,"",,
2011,"",,
2011,"",,
2011,"",,
2011,"",,
2011,"",,
2011,"",,
2011,"",,
2011,"",,
2011,"",,
2011,"",,
2011,"",,
2011,"",,
2011,"",,
2011,"",,
2011,"",,
2011,"",,
2011,"",,
2011,"",,
2011,"",,
2011,"",,
2011,"",,
2011,"",,
2011,"",,
2011,"",,
2011,"",,
2011,"",,
2011,"",,
2011,"",,
2011,"",,
2011,"",,
2011,"",,
2011,"",,
2011,"",,
2011,"",,
2011,"",,
2011,"",,
2011,"",,
2011,"",,
2011,"",,
2011,"",,
2011,"",,
2011,"",,
2011,"",,
2011,"",,
2011,"",,
2011,"",,
2011,"",,
2011,"",,
2011,"",,
2011,"",,
2011,"",,
2011,"",,
2011,"",,
2011,"",,
2011,"",,
2011,"",,
2011,"",,
2011,"",,
2011,"",,
2011,"",,
2011,"",,
2011,"",,
2011,"",,
2011,"",,
2011,"",,
2011,"",,
2011,"",,
2011,"",,
2011,"",,
2011,"",,
2011,"",,
2011,"",,
2011,"",,
2011,"",,
2011,"",,
2011,"",,
2011,"",,
2011,"",,
2011,"",,
2011,"",,
2011,"",,
2011,"",,
2011,"",,
2011,"",,
2011,"",,
2011,"",,
2011,"",,
2011,"",,
2011,"",,
2011,"",,
2011,"",,
2011,"",,
2011,"",,
2011,"",,
2011,"",,
2011,"",,
2011,"",,
2011,"",,
2011,"",,
2011,"",,
2011,"",,
2011,"",,
2011,"",,
2011,"",,
2011,"",,
2011,"",,
2011,"",,
2011,"",,
2011,"",,
2011,"",,
2011,"",,
2011,"",,
2011,"",,
2011,"",,
2011,"",,
2011,"",,
2011,"",,
2011,"",,
2011,"",,
2011,"",,
2011,"",,
2011,"",,
2011,"",,
2011,"",,
2011,"",,
2011,"",,
2011,"",,
2011,"",,
2011,"",,
2011,"",,
2011,"",,
2011,"",,
2011,"",,
2011,"",,
2011,"",,
2011,"",,
2011,"",,
2011,"",,
2011,"",,
2011,"",,
2011,"",,
2011,"",,
2011,"",,
2011,"",,
2011,"",,
2011,"",,
2011,"",,
2011,"",,
2011,"",,
2011,"",,
2011,"",,
2011,"",,
2011,"",,
2011,"",,
2011,"",,
2011,"",,
2011,"",,
2011,"",,
2011,"",,
2011,"",,
2011,"",,
2011,"",,
2011,"",,
2011,"",,
2011,"",,
2011,"",,
2011,"",,
2011,"",,
2011,"",,
2011,"",,
2011,"",,
2011,"",,
2011,"",,
2011,"",,
2011,"",,
2011,"",,
2011,"",,
2011,"",,
2011,"",,
2011,"",,
2011,"",,
2011,"",,
2011,"",,
2011,"",,
2011,"",,
2011,"",,
2011,"",,
2011,"",,
2011,"",,
2011,"",,
2011,"",,
2011,"",,
2011,"",,
2011,"",,
2011,"",,
2011,"",,
2011,"",,
2011,"",,
2011,"",,
2011,"",,
2011,"",,
2011,"",,
2011,"",,
2011,"",,
2011,"",,
2011,"",,
2011,"",,
2011,"",,
2011,"",,
2011,"",,
2011,"",,
2011,"",,
2011,"",,
2011,"",,
2011,"",,
2011,"",,
2011,"",,
2011,"",,
2011,"",,
2011,"",,
2011,"",,
2011,"",,
2011,"",,
2011,"",,
2011,"",,
2011,"",,
2011,"",,
2011,"",,
2011,"",,
2011,"",,
2011,"",,
2011,"",,
2011,"",,
2011,"",,
2011,"",,
2011,"",,
2011,"",,
2011,"",,
2011,"",,
2011,"",,
2011,"",,
2011,"",,
2011,"",,
2011,"",,
2011,"",,
2011,"",,
2011,"",,
2011,"",,
2011,"",,
2011,"",,
2011,"",,
2011,"",,
2011,"",,
2011,"",,
2011,"",,
2011,"",,
2011,"",,
2011,"",,
2011,"",,
2011,"",,
2011,"",,
2011,"",,
2011,"",,
2011,"",,
2011,"",,
2011,"",,
2011,"",,
2011,"",,
2011,"",,
2011,"",,
2011,"",,
2011,"",,
2011,"",,
2011,"",,
2011,"",,
2011,"",,
2011,"",,
2011,"",,
2011,"",,
2011,"",,
2011,"",,
2011,"",,
2011,"",,
2011,"",,
2011,"",,
2011,"",,
2011,"",,
2011,"",,
2011,"",,
2011,"",,
2011,"",,
2011,"",,
2011,"",,
2011,"",,
2011,"",,
2011,"",,
2011,"",,
2011,"",,
2011,"",,
2011,"",,
2011,"",,
2011,"",,
2011,"",,
2011,"",,
2011,"",,
2011,"",,
2011,"",,
2011,"",,
2011,"",,
2011,"",,
2011,"",,
2011,"",,
2011,"",,
2011,"",,
2011,"",,
2011,"",,
2011,"",,
2011,"",,
2011,"",,
2011,"",,
2011,"",,
2011,"",,
2011,"",,
2011,"",,
2011,"",,
2011,"",,
2011,"",,
2011,"",,
2011,"",,
2011,"",,
2011,"",,
2011,"",,
2011,"",,
2011,"",,
2011,"",,
2011,"",,
2011,"",,
2011,"",,
2011,"",,
2011,"",,
2011,"",,
2011,"",,
2011,"",,
2011,"",,
2011,"",,
2011,"",,
2011,"",,
2011,"",,
2011,"",,
2011,"",,
2011,"",,
2011,"",,
2011,"",,
2011,"",,
2011,"",,
2011,"",,
2011,"",,
2011,"",,
2011,"",,
2011,"",,
2011,"",,
2011,"",,
2011,"",,
2011,"",,
2011,"",,
2011,"",,
2011,"",,
2011,"",,
2011,"",,
2011,"",,
2011,"",,
2011,"",,
2011,"",,
2011,"",,
2011,"",,
2011,"",,
2011,"",,
2011,"",,
2011,"",,
2011,"",,
2011,"",,
2011,"",,
2011,"",,
2011,"",,
2011,"",,
2011,"",,
2011,"",,
2011,"",,
2011,"",,
2011,"",,
2011,"",,
2011,"",,
2011,"",,
2011,"",,
2011,"",,
2011,"",,
2011,"",,
2011,"",,
2011,"",,
2011,"",,
2011,"",,
2011,"",,
2011,"",,
2011,"",,
2011,"",,
2011,"",,
2011,"",,
2011,"",,
2011,"",,
2011,"",,
2011,"",,
2011,"",,
2011,"",,
2011,"",,
2011,"",,
2011,"",,
2011,"",,
2011,"",,
2011,"",,
2011,"",,
2011,"",,
2011,"",,
2011,"",,
2011,"",,
2011,"",,
2011,"",,
2011,"",,
2011,"",,
2011,"",,
2011,"",,
2011,"",,
2011,"",,
2011,"",,
2011,"",,
2011,"",,
2011,"",,
2011,"",,
2011,"",,
2011,"",,
2011,"",,
2011,"",,
2011,"",,
2011,"",,
2011,"",,
2011,"",,
2011,"",,
2011,"",,
2011,"",,
2011,"",,
2011,"",,
2011,"",,
2011,"",,
2011,"",,
2011,"",,
2011,"",,
2011,"",,
2011,"",,
2011,"",,
2011,"",,
2011,"",,
2011,"",,
2011,"",,
2011,"",,
2011,"",,
2011,"",,
2011,"",,
2011,"",,
2011,"",,
2011,"",,
2011,"",,
2011,"",,
2011,"",,
2011,"",,
2011,"",,
2011,"",,
2011,"",,
2011,"",,
2011,"",,
2011,"",,
2011,"",,
2011,"",,
2011,"",,
2011,"",,
2011,"",,
2011,"",,
2011,"",,
2011,"",,
2011,"",,
2011,"",,
2011,"",,
2011,"",,
2011,"",,
2011,"",,
2011,"",,
2011,"",,
2011,"",,
2011,"",,
2011,"",,
2011,"",,
2011,"",,
2011,"",,
2011,"",,
2011,"",,
2011,"",,
2011,"",,
2011,"",,
2011,"",,
2011,"",,
2011,"",,
2011,"",,
2011,"",,
2011,"",,
2011,"",,
2011,"",,
2011,"",,
2011,"",,
2011,"",,
2011,"",,
2011,"",,
2011,"",,
2011,"",,
2011,"",,
2011,"",,
2011,"",,
2011,"",,
2011,"",,
2011,"",,
2011,"",,
2011,"",,
2011,"",,
2011,"",,
2011,"",,
2011,"",,
2011,"",,
2011,"",,
2011,"",,
2011,"",,
2011,"",,
2011,"",,
2011,"",,
2011,"",,
2011,"",,
2011,"",,
2011,"",,
2011,"",,
2011,"",,
2011,"",,
2011,"",,
2011,"",,
2011,"",,
2011,"",,
2011,"",,
2011,"",,
2011,"",,
2011,"",,
2011,"",,
2011,"",,
2011,"",,
2011,"",,
2011,"",,
2011,"",,
2011,"",,
2011,"",,
2011,"",,
2011,"",,
2011,"",,
2011,"",,
2011,"",,
2011,"",,
2011,"",,
2011,"",,
2011,"",,
2011,"",,
2011,"",,
2011,"",,
2011,"",,
2011,"",,
2011,"",,
2011,"",,
2011,"",,
2011,"",,
2011,"",,
2011,"",,
2011,"",,
2011,"",,
2011,"",,
2011,"",,
2011,"",,
2011,"",,
2011,"",,
2011,"",,
2011,"",,
2011,"",,
2011,"",,
2011,"",,
2011,"",,
2011,"",,
2011,"",,
2011,"",,
2011,"",,
2011,"",,
2011,"",,
2011,"",,
2011,"",,
2011,"",,
2011,"",,
2011,"",,
2011,"",,
2011,"",,
2011,"",,
2011,"",,
2011,"",,
2011,"",,
2011,"",,
2011,"",,
2011,"",,
2011,"",,
2011,"",,
2011,"",,
2011,"",,
2011,"",,
2011,"",,
2011,"",,
2011,"",,
2011,"",,
2011,"",,
2011,"",,
2011,"",,
2011,"",,
2011,"",,
2011,"",,
2011,"",,
2011,"",,
2011,"",,
2011,"",,
2011,"",,
2011,"",,
2011,"",,
2011,"",,
2011,"",,
2011,"",,
2011,"",,
2011,"",,
2011,"",,
2011,"",,
2011,"",,
2011,"",,
2011,"",,
2011,"",,
2011,"",,
2011,"",,
2011,"",,
2011,"",,
2011,"",,
2011,"",,
2011,"",,
2011,"",,
2011,"",,
2011,"",,
2011,"",,
2011,"",,
2011,"",,
2011,"",,
2011,"",,
2011,"",,
2011,"",,
2011,"",,
2011,"",,
2011,"",,
2011,"",,
2011,"",,
2011,"",,
2011,"",,
2011,"",,
2011,"",,
2011,"",,
2011,"",,
2011,"",,
2011,"",,
2011,"",,
2011,"",,
2011,"",,
2011,"",,
2011,"",,
2011,"",,
2011,"",,
2011,"",,
2011,"",,
2011,"",,
2011,"",,
2011,"",,
2011,"",,
2011,"",,
2011,"",,
2011,"",,
2011,"",,
2011,"",,
2011,"",,
2011,"",,
2011,"",,
2011,"",,
2011,"",,
2011,"",,
2011,"",,
2011,"",,
2011,"",,
2011,"",,
2011,"",,
2011,"",,
2011,"",,
2011,"",,
2011,"",,
2011,"",,
2011,"",,
2011,"",,
2011,"",,
2011,"",,
2011,"",,
2011,"",,
2011,"",,
2011,"",,
2011,"",,
2011,"",,
2011,"",,
2011,"",,
2011,"",,
2011,"",,
2011,"",,
2011,"",,
2011,"",,
2011,"",,
2011,"",,
2011,"",,
2011,"",,
2011,"",,
2011,"",,
2011,"",,
2011,"",,
2011,"",,
2011,"",,
2011,"",,
2011,"",,
2011,"",,
2011,"",,
2011,"",,
2011,"",,
2011,"",,
2011,"",,
2011,"",,
2011,"",,
2011,"",,
2011,"",,
2011,"",,
2011,"",,
2011,"",,
2011,"",,
2011,"",,
2011,"",,
2011,"",,
2011,"",,
2011,"",,
2011,"",,
2011,"",,
2011,"",,
2011,"",,
2011,"",,
2011,"",,
2011,"",,
2011,"",,
2011,"",,
2011,"",,
2011,"",,
2011,"",,
2011,"",,
2011,"",,
2011,"",,
2011,"",,
2011,"",,
2011,"",,
2011,"",,
2011,"",,
2011,"",,
2011,"",,
2011,"",,
2011,"",,
2011,"",,
2011,"",,
2011,"",,
2011,"",,
2011,"",,
2011,"",,
2011,"",,
2011,"",,
2011,"",,
2011,"",,
2011,"",,
2011,"",,
2011,"",,
2011,"",,
2011,"",,
2011,"",,
2011,"",,
2011,"",,
2011,"",,
2011,"",,
2011,"",,
2011,"",,
2011,"",,
2011,"",,
2011,"",,
2011,"",,
2011,"",,
2011,"",,
2011,"",,
2011,"",,
2011,"",,
2011,"",,
2011,"",,
2011,"",,
2011,"",,
2011,"",,
2011,"",,
2011,"",,
2011,"",,
2011,"",,
2011,"",,
2011,"",,
2011,"",,
2011,"",,
2011,"",,
2011,"",,
2011,"",,
2011,"",,
2011,"",,
2011,"",,
2011,"",,
2011,"",,
2011,"",,
2011,"",,
2011,"",,
2011,"",,
2011,"",,
2011,"",,
2011,"",,
2011,"",,
2011,"",,
2011,"",,
2011,"",,
2011,"",,
2011,"",,
2011,"",,
2011,"",,
2011,"",,
2011,"",,
2011,"",,
2011,"",,
2011,"",,
2011,"",,
2011,"",,
2011,"",,
2011,"",,
2011,"",,
2011,"",,
2011,"",,
2011,"",,
2011,"",,
2011,"",,
2011,"",,
2011,"",,
2011,"",,
2011,"",,
2011,"",,
2011,"",,
2011,"",,
2011,"",,
2011,"",,
2011,"",,
2011,"",,
2011,"",,
2011,"",,
2011,"",,
2011,"",,
2011,"",,
2011,"",,
2011,"",,
2011,"",,
2011,"",,
2011,"",,
2011,"",,
2011,"",,
2011,"",,
2011,"",,
2011,"",,
2011,"",,
2011,"",,
2011,"",,
2011,"",,
2011,"",,
2011,"",,
2011,"",,
2011,"",,
2011,"",,
2011,"",,
2011,"",,
2011,"",,
2011,"",,
2011,"",,
2011,"",,
2011,"",,
2011,"",,
2011,"",,
2011,"",,
2011,"",,
2011,"",,
2011,"",,
2011,"",,
2011,"",,
2011,"",,
2011,"",,
2011,"",,
2011,"",,
2011,"",,
2011,"",,
2011,"",,
2011,"",,
2011,"",,
2011,"",,
2011,"",,
2011,"",,
2011,"",,
2011,"",,
2011,"",,
2011,"",,
2011,"",,
2011,"",,
2011,"",,
2011,"",,
2011,"",,
2011,"",,
2011,"",,
2011,"",,
2011,"",,
2011,"",,
2011,"",,
2011,"",,
2011,"",,
2011,"",,
2011,"",,
2011,"",,
2011,"",,
2011,"",,
2011,"",,
2011,"",,
2011,"",,
2011,"",,
2011,"",,
2011,"",,
2011,"",,
2011,"",,
2011,"",,
2011,"",,
2011,"",,
2011,"",,
2011,"",,
2011,"",,
2011,"",,
2011,"",,
2011,"",,
2011,"",,
2011,"",,
2011,"",,
2011,"",,
2011,"",,
2011,"",,
2011,"",,
2011,"",,
2011,"",,
2011,"",,
2011,"",,
2011,"",,
2011,"",,
2011,"",,
2011,"",,
2011,"",,
2011,"",,
2011,"",,
2011,"",,
2011,"",,
2011,"",,
2011,"",,
2011,"",,
2011,"",,
2011,"",,
2011,"",,
2011,"",,
2011,"",,
2011,"",,
2011,"",,
2011,"",,
2011,"",,
2011,"",,
2011,"",,
2011,"",,
2011,"",,
2011,"",,
2011,"",,
2011,"",,
2011,"",,
2011,"",,
2011,"",,
2011,"",,
2011,"",,
2011,"",,
2011,"",,
2011,"",,
2011,"",,
2011,"",,
2011,"",,
2011,"",,
2011,"",,
2011,"",,
2011,"",,
2011,"",,
2011,"",,
2011,"",,
2011,"",,
2011,"",,
2011,"",,
2011,"",,
2011,"",,
2011,"",,
2011,"",,
2011,"",,
2011,"",,
2011,"",,
2011,"",,
2011,"",,
2011,"",,
2011,"",,
2011,"",,
2011,"",,
2011,"",,
2011,"",,
2011,"",,
2011,"",,
2011,"",,
2011,"",,
2011,"",,
2011,"",,
2011,"",,
2011,"",,
2011,"",,
2011,"",,
2011,"",,
2011,"",,
2011,"",,
2011,"",,
2011,"",,
2011,"",,
2011,"",,
2011,"",,
2011,"",,
2011,"",,
2011,"",,
2011,"",,
2011,"",,
2011,"",,
2011,"",,
2011,"",,
2011,"",,
2011,"",,
2011,"",,
2011,"",,
2011,"",,
2011,"",,
2011,"",,
2011,"",,
2011,"",,
2011,"",,
2011,"",,
2011,"",,
2011,"",,
2011,"",,
2011,"",,
2011,"",,
2011,"",,
2011,"",,
2011,"",,
2011,"",,
2011,"",,
2011,"",,
2011,"",,
2011,"",,
2011,"",,
2011,"",,
2011,"",,
2011,"",,
2011,"",,
2011,"",,
2011,"",,
2011,"",,
2011,"",,
2011,"",,
2011,"",,
2011,"",,
2011,"",,
2011,"",,
2011,"",,
2011,"",,
2011,"",,
2011,"",,
2011,"",,
2011,"",,
2011,"",,
2011,"",,
2011,"",,
2011,"",,
2011,"",,
2011,"",,
2011,"",,
2011,"",,
2011,"",,
2011,"",,
2011,"",,
2011,"",,
2011,"",,
2011,"",,
2011,"",,
2011,"",,
2011,"",,
2011,"",,
2011,"",,
2011,"",,
2011,"",,
2011,"",,
2011,"",,
2011,"",,
2011,"",,
2011,"",,
2011,"",,
2011,"",,
2011,"",,
2011,"",,
2011,"",,
2011,"",,
2011,"",,
2011,"",,
2011,"",,
2011,"",,
2011,"",,
2011,"",,
2011,"",,
2011,"",,
2011,"",,
2011,"",,
2011,"",,
2011,"",,
2011,"",,
2011,"",,
2011,"",,
2011,"",,
2011,"",,
2011,"",,
2011,"",,
2011,"",,
2011,"",,
2011,"",,
2011,"",,
2011,"",,
2011,"",,
2011,"",,
2011,"",,
2011,"",,
2011,"",,
2011,"",,
2011,"",,
2011,"",,
2011,"",,
2011,"",,
2011,"",,
2011,"",,
2011,"",,
2011,"",,
2011,"",,
2011,"",,
2011,"",,
2011,"",,
2011,"",,
2011,"",,
2011,"",,
2011,"",,
2011,"",,
2011,"",,
2011,"",,
2011,"",,
2011,"",,
2011,"",,
2011,"",,
2011,"",,
2011,"",,
2011,"",,
2011,"",,
2011,"",,
2011,"",,
2011,"",,
2011,"",,
2011,"",,
2011,"",,
2011,"",,
2011,"",,
2011,"",,
2011,"",,
2011,"",,
2011,"",,
2011,"",,
2011,"",,
2011,"",,
2011,"",,
2011,"",,
2011,"",,
2011,"",,
2011,"",,
2011,"",,
2011,"",,
2011,"",,
2011,"",,
2011,"",,
2011,"",,
2011,"",,
2011,"",,
2011,"",,
2011,"",,
2011,"",,
2011,"",,
2011,"",,
2011,"",,
2011,"",,
2011,"",,
2011,"",,
2011,"",,
2011,"",,
2011,"",,
2011,"",,
2011,"",,
2011,"",,
2011,"",,
2011,"",,
2011,"",,
2011,"",,
2011,"",,
2011,"",,
2011,"",,
2011,"",,
2011,"",,
2011,"",,
2011,"",,
2011,"",,
2011,"",,
2011,"",,
2011,"",,
2011,"",,
2011,"",,
2011,"",,
2011,"",,
2011,"",,
2011,"",,
2011,"",,
2011,"",,
2011,"",,
2011,"",,
2011,"",,
2011,"",,
2011,"",,
2011,"",,
2011,"",,
2011,"",,
2011,"",,
2011,"",,
2011,"",,
2011,"",,
2011,"",,
2011,"",,
2011,"",,
2011,"",,
2011,"",,
2011,"",,
2011,"",,
2011,"",,
2011,"",,
2011,"",,
2011,"",,
2011,"",,
2011,"",,
2011,"",,
2011,"",,
2011,"",,
2011,"",,
2011,"",,
2011,"",,
2011,"",,
2011,"",,
2011,"",,
2011,"",,
2011,"",,
2011,"",,
2011,"",,
2011,"",,
2011,"",,
2011,"",,
2011,"",,
2011,"",,
2011,"",,
2011,"",,
2011,"",,
2011,"",,
2011,"",,
2011,"",,
2011,"",,
2011,"",,
2011,"",,
2011,"",,
2011,"",,
2011,"",,
2011,"",,
2011,"",,
2011,"",,
2011,"",,
2011,"",,
2011,"",,
2011,"",,
2011,"",,
2011,"",,
2011,"",,
2011,"",,
2011,"Coventry",,
2011,"",,
2011,"",,
2011,"",,
2011,"",,
2011,"",,
2011,"",,
2011,"",,
2011,"",,
2011,"",,
2011,"",,
2011,"",,
2011,"",,
2011,"",,
2011,"",,
2011,"",,
2011,"",,
2011,"",,
2011,"",,
2011,"",,
2011,"",,
2011,"",,
2011,"",,
2011,"",,
2011,"",,
2011,"",,
2011,"",,
2011,"",,
2011,"",,
2011,"",,
2011,"",,
2011,"",,
2011,"",,
2011,"",,
2011,"",,
2011,"",,
2011,"",,
2011,"",,
2011,"",,
2011,"",,
2011,"",,
2011,"",,
2011,"",,
2011,"",,
2011,"",,
2011,"",,
2011,"",,
2011,"",,
2011,"",,
2011,"",,
2011,"",,
2011,"Coventry",,
2011,"",,
2011,"",,
2011,"",,
2011,"",,
2011,"",,
2011,"",,
2011,"",,
2011,"",,
2011,"",,
2011,"",,
2011,"",,
2011,"",,
2011,"",,
2011,"",,
2011,"",,
2011,"",,
2011,"",,
2011,"",,
2011,"",,
2011,"",,
2011,"",,
2011,"",,
2011,"",,
2011,"",,
2011,"",,
2011,"",,
2011,"",,
2011,"",,
2011,"",,
2011,"",,
2011,"",,
2011,"",,
2011,"",,
2011,"",,
2011,"",,
2011,"",,
2011,"",,
2011,"",,
2011,"",,
2011,"",,
2011,"",,
2011,"",,
2011,"",,
2011,"",,
2011,"",,
2011,"",,
2011,"",,
2011,"",,
2011,"",,
2011,"",,
2011,"",,
2011,"",,
2011,"",,
2011,"",,
2011,"",,
2011,"",,
2011,"",,
2011,"",,
2011,"",,
2011,"",,
2011,"",,
2011,"",,
2011,"",,
2011,"",,
2011,"",,
2011,"",,
2011,"",,
2011,"",,
2011,"",,
2011,"",,
2011,"",,
2011,"",,
2011,"",,
2011,"",,
2011,"",,
2011,"",,
2011,"",,
2011,"",,
2011,"",,
2011,"",,
2011,"",,
2011,"",,
2011,"",,
2011,"",,
2011,"",,
2011,"",,
2011,"",,
2011,"",,
2011,"",,
2011,"",,
2011,"",,
2011,"",,
2011,"",,
2011,"",,
2011,"",,
2011,"",,
2011,"",,
2011,"",,
2011,"",,
2011,"",,
2011,"",,
2011,"",,
2011,"",,
2011,"",,
2011,"",,
2011,"",,
2011,"",,
2011,"",,
2011,"",,
2011,"",,
2011,"",,
2011,"",,
2011,"",,
2011,"",,
2011,"",,
2011,"",,
2011,"",,
2011,"",,
2011,"",,
2011,"",,
2011,"",,
2011,"",,
2011,"",,
2011,"",,
2011,"",,
2011,"",,
2011,"",,
2011,"",,
2011,"",,
2011,"",,
2011,"",,
2011,"",,
2011,"",,
2011,"",,
2011,"",,
2011,"",,
2011,"",,
2011,"",,
2011,"",,
2011,"",,
2011,"",,
2011,"",,
2011,"",,
2011,"",,
2011,"",,
2011,"",,
2011,"",,
2011,"",,
2011,"",,
2011,"",,
2011,"",,
2011,"",,
2011,"",,
2011,"",,
2011,"",,
2011,"",,
2011,"",,
2011,"",,
2011,"",,
2011,"",,
2011,"",,
2011,"",,
2011,"",,
2011,"",,
2011,"",,
2011,"",,
2011,"",,
2011,"",,
2011,"",,
2011,"",,
2011,"",,
2011,"",,
2011,"",,
2011,"",,
2011,"",,
2011,"",,
2011,"",,
2011,"",,
2011,"",,
2011,"",,
2011,"",,
2011,"",,
2011,"",,
2011,"",,
2011,"",,
2011,"",,
2011,"",,
2011,"",,
2011,"",,
2011,"",,
2011,"",,
2011,"",,
2011,"",,
2011,"",,
2011,"",,
2011,"",,
2011,"",,
2011,"",,
2011,"",,
2011,"",,
2011,"",,
2011,"",,
2011,"",,
2011,"",,
2011,"",,
2011,"",,
2011,"",,
2011,"",,
2011,"",,
2011,"",,
2011,"",,
2011,"",,
2011,"",,
2011,"",,
2011,"",,
2011,"",,
2011,"",,
2011,"",,
2011,"",,
2011,"",,
2011,"",,
2011,"",,
2011,"",,
2011,"",,
2011,"",,
2011,"",,
2011,"",,
2011,"",,
2011,"",,
2011,"",,
2011,"",,
2011,"",,
2011,"",,
2011,"",,
2011,"",,
2011,"",,
2011,"",,
2011,"",,
2011,"",,
2011,"",,
2011,"",,
2011,"",,
2011,"",,
2011,"",,
2011,"",,
2011,"",,
2011,"",,
2011,"",,
2011,"",,
2011,"",,
2011,"",,
2011,"",,
2011,"",,
2011,"",,
2011,"",,
2011,"",,
2011,"",,
2011,"",,
2011,"",,
2011,"",,
2011,"",,
2011,"",,
2011,"",,
2011,"",,
2011,"",,
2011,"",,
2011,"",,
2011,"",,
2011,"",,
2011,"",,
2011,"",,
2011,"",,
2011,"",,
2011,"",,
2011,"",,
2011,"",,
2011,"",,
2011,"",,
2011,"",,
2011,"",,
2011,"",,
2011,"",,
2011,"",,
2011,"",,
2011,"",,
2011,"",,
2011,"",,
2011,"",,
2011,"",,
2011,"",,
2011,"",,
2011,"",,
2011,"",,
2011,"",,
2011,"",,
2011,"",,
2011,"Dudley",,
2011,"",,
2011,"",,
2011,"",,
2011,"",,
2011,"",,
2011,"",,
2011,"",,
2011,"",,
2011,"",,
2011,"",,
2011,"",,
2011,"",,
2011,"",,
2011,"",,
2011,"",,
2011,"",,
2011,"",,
2011,"",,
2011,"",,
2011,"",,
2011,"",,
2011,"",,
2011,"",,
2011,"",,
2011,"",,
2011,"",,
2011,"",,
2011,"",,
2011,"",,
2011,"",,
2011,"",,
2011,"",,
2011,"",,
2011,"",,
2011,"",,
2011,"",,
2011,"",,
2011,"",,
2011,"",,
2011,"",,
2011,"",,
2011,"",,
2011,"",,
2011,"",,
2011,"",,
2011,"",,
2011,"",,
2011,"",,
2011,"",,
2011,"",,
2011,"",,
2011,"",,
2011,"",,
2011,"",,
2011,"",,
2011,"",,
2011,"",,
2011,"",,
2011,"",,
2011,"",,
2011,"",,
2011,"",,
2011,"",,
2011,"",,
2011,"",,
2011,"",,
2011,"",,
2011,"",,
2011,"",,
2011,"",,
2011,"",,
2011,"",,
2011,"",,
2011,"",,
2011,"",,
2011,"",,
2011,"",,
2011,"",,
2011,"",,
2011,"",,
2011,"",,
2011,"",,
2011,"",,
2011,"",,
2011,"",,
2011,"",,
2011,"",,
2011,"",,
2011,"",,
2011,"",,
2011,"",,
2011,"",,
2011,"",,
2011,"",,
2011,"",,
2011,"",,
2011,"",,
2011,"",,
2011,"",,
2011,"",,
2011,"",,
2011,"",,
2011,"",,
2011,"",,
2011,"",,
2011,"",,
2011,"",,
2011,"",,
2011,"",,
2011,"",,
2011,"",,
2011,"",,
2011,"",,
2011,"",,
2011,"",,
2011,"",,
2011,"",,
2011,"",,
2011,"",,
2011,"",,
2011,"",,
2011,"",,
2011,"",,
2011,"",,
2011,"",,
2011,"",,
2011,"",,
2011,"",,
2011,"",,
2011,"",,
2011,"",,
2011,"",,
2011,"",,
2011,"",,
2011,"",,
2011,"",,
2011,"",,
2011,"",,
2011,"",,
2011,"",,
2011,"",,
2011,"",,
2011,"",,
2011,"",,
2011,"",,
2011,"",,
2011,"",,
2011,"",,
2011,"",,
2011,"",,
2011,"",,
2011,"",,
2011,"",,
2011,"Solihull",,
2011,"",,
2011,"",,
2011,"",,
2011,"",,
2011,"",,
2011,"",,
2011,"",,
2011,"",,
2011,"",,
2011,"",,
2011,"",,
2011,"",,
2011,"",,
2011,"",,
2011,"",,
2011,"",,
2011,"",,
2011,"",,
2011,"",,
2011,"",,
2011,"",,
2011,"",,
2011,"",,
2011,"",,
2011,"",,
2011,"",,
2011,"",,
2011,"",,
2011,"",,
2011,"",,
2011,"",,
2011,"",,
2011,"",,
2011,"",,
2011,"",,
2011,"",,
2011,"",,
2011,"",,
2011,"",,
2011,"",,
2011,"",,
2011,"",,
2011,"",,
2011,"",,
2011,"",,
2011,"",,
2011,"",,
2011,"",,
2011,"",,
2011,"",,
2011,"",,
2011,"",,
2011,"",,
2011,"",,
2011,"",,
2011,"",,
2011,"",,
2011,"",,
2011,"",,
2011,"",,
2011,"",,
2011,"",,
2011,"",,
2011,"",,
2011,"",,
2011,"",,
2011,"",,
2011,"",,
2011,"",,
2011,"",,
2011,"",,
2011,"",,
2011,"",,
2011,"",,
2011,"",,
2011,"",,
2011,"",,
2011,"",,
2011,"",,
2011,"",,
2011,"",,
2011,"",,
2011,"",,
2011,"",,
2011,"",,
2011,"",,
2011,"",,
2011,"",,
2011,"",,
2011,"",,
2011,"",,
2011,"",,
2011,"",,
2011,"",,
2011,"",,
2011,"",,
2011,"",,
2011,"",,
2011,"",,
2011,"",,
2011,"",,
2011,"",,
2011,"",,
2011,"",,
2011,"",,
2011,"",,
2011,"",,
2011,"",,
2011,"",,
2011,"",,
2011,"",,
2011,"",,
2011,"",,
2011,"",,
2011,"",,
2011,"",,
2011,"",,
2011,"",,
2011,"",,
2011,"",,
2011,"",,
2011,"",,
2011,"",,
2011,"",,
2011,"",,
2011,"",,
2011,"",,
2011,"",,
2011,"",,
2011,"",,
2011,"",,
2011,"",,
2011,"",,
2011,"",,
2011,"",,
2011,"",,
2011,"",,
2011,"",,
2011,"",,
2011,"",,
2011,"",,
2011,"",,
2011,"",,
2011,"",,
2011,"",,
2011,"",,
2011,"",,
2011,"",,
2011,"",,
2011,"",,
2011,"",,
2011,"",,
2011,"",,
2011,"",,
2011,"",,
2011,"",,
2011,"",,
2011,"",,
2011,"",,
2011,"",,
2011,"",,
2011,"",,
2011,"",,
2011,"",,
2011,"",,
2011,"",,
2011,"Sandwell",,
2011,"",,
2011,"",,
2011,"",,
2011,"",,
2011,"",,
2011,"",,
2011,"",,
2011,"",,
2011,"",,
2011,"",,
2011,"",,
2011,"",,
2011,"",,
2011,"",,
2011,"",,
2011,"",,
2011,"",,
2011,"",,
2011,"",,
2011,"",,
2011,"",,
2011,"",,
2011,"",,
2011,"",,
2011,"",,
2011,"",,
2011,"",,
2011,"",,
2011,"",,
2011,"",,
2011,"",,
2011,"",,
2011,"",,
2011,"",,
2011,"",,
2011,"",,
2011,"",,
2011,"",,
2011,"",,
2011,"",,
2011,"",,
2011,"",,
2011,"",,
2011,"",,
2011,"",,
2011,"",,
2011,"",,
2011,"",,
2011,"",,
2011,"",,
2011,"",,
2011,"",,
2011,"",,
2011,"",,
2011,"",,
2011,"",,
2011,"",,
2011,"",,
2011,"",,
2011,"",,
2011,"",,
2011,"",,
2011,"",,
2011,"",,
2011,"",,
2011,"",,
2011,"",,
2011,"",,
2011,"",,
2011,"",,
2011,"",,
2011,"",,
2011,"",,
2011,"",,
2011,"",,
2011,"",,
2011,"",,
2011,"",,
2011,"",,
2011,"",,
2011,"",,
2011,"",,
2011,"",,
2011,"",,
2011,"",,
2011,"",,
2011,"",,
2011,"",,
2011,"",,
2011,"",,
2011,"",,
2011,"",,
2011,"",,
2011,"",,
2011,"",,
2011,"",,
2011,"",,
2011,"",,
2011,"",,
2011,"",,
2011,"",,
2011,"",,
2011,"",,
2011,"",,
2011,"",,
2011,"",,
2011,"",,
2011,"",,
2011,"",,
2011,"",,
2011,"",,
2011,"",,
2011,"",,
2011,"",,
2011,"",,
2011,"",,
2011,"",,
2011,"",,
2011,"",,
2011,"",,
2011,"",,
2011,"",,
2011,"",,
2011,"",,
2011,"",,
2011,"",,
2011,"",,
2011,"",,
2011,"",,
2011,"",,
2011,"",,
2011,"",,
2011,"",,
2011,"",,
2011,"",,
2011,"",,
2011,"",,
2011,"",,
2011,"",,
2011,"",,
2011,"",,
2011,"",,
2011,"",,
2011,"",,
2011,"",,
2011,"",,
2011,"",,
2011,"",,
2011,"",,
2011,"",,
2011,"",,
2011,"",,
2011,"",,
2011,"",,
2011,"",,
2011,"",,
2011,"",,
2011,"",,
2011,"",,
2011,"",,
2011,"",,
2011,"",,
2011,"",,
2011,"",,
2011,"",,
2011,"",,
2011,"",,
2011,"",,
2011,"",,
2011,"",,
2011,"",,
2011,"",,
2011,"",,
2011,"",,
2011,"",,
2011,"",,
2011,"",,
2011,"",,
2011,"",,
2011,"",,
2011,"",,
2011,"",,
2011,"",,
2011,"",,
2011,"",,
2011,"",,
2011,"",,
2011,"",,
2011,"",,
2011,"",,
2011,"",,
2011,"Walsall",,
2011,"",,
2011,"",,
2011,"",,
2011,"",,
2011,"",,
2011,"",,
2011,"",,
2011,"",,
2011,"",,
2011,"",,
2011,"",,
2011,"",,
2011,"",,
2011,"",,
2011,"",,
2011,"",,
2011,"",,
2011,"",,
2011,"",,
2011,"",,
2011,"",,
2011,"",,
2011,"",,
2011,"",,
2011,"",,
2011,"",,
2011,"",,
2011,"",,
2011,"",,
2011,"",,
2011,"",,
2011,"",,
2011,"",,
2011,"",,
2011,"",,
2011,"",,
2011,"",,
2011,"",,
2011,"",,
2011,"",,
2011,"",,
2011,"",,
2011,"",,
2011,"",,
2011,"",,
2011,"",,
2011,"",,
2011,"",,
2011,"",,
2011,"",,
2011,"",,
2011,"",,
2011,"",,
2011,"",,
2011,"",,
2011,"",,
2011,"",,
2011,"",,
2011,"",,
2011,"",,
2011,"",,
2011,"",,
2011,"",,
2011,"",,
2011,"",,
2011,"",,
2011,"",,
2011,"",,
2011,"",,
2011,"",,
2011,"",,
2011,"",,
2011,"",,
2011,"",,
2011,"",,
2011,"",,
2011,"",,
2011,"",,
2011,"",,
2011,"",,
2011,"",,
2011,"",,
2011,"",,
2011,"",,
2011,"",,
2011,"",,
2011,"",,
2011,"",,
2011,"",,
2011,"",,
2011,"",,
2011,"",,
2011,"",,
2011,"",,
2011,"",,
2011,"",,
2011,"",,
2011,"",,
2011,"",,
2011,"",,
2011,"",,
2011,"",,
2011,"",,
2011,"",,
2011,"",,
2011,"",,
2011,"",,
2011,"",,
2011,"",,
2011,"",,
2011,"",,
2011,"",,
2011,"",,
2011,"",,
2011,"",,
2011,"",,
2011,"",,
2011,"",,
2011,"",,
2011,"",,
2011,"",,
2011,"",,
2011,"",,
2011,"",,
2011,"",,
2011,"",,
2011,"",,
2011,"",,
2011,"",,
2011,"",,
2011,"",,
2011,"",,
2011,"",,
2011,"",,
2011,"",,
2011,"",,
2011,"",,
2011,"",,
2011,"",,
2011,"",,
2011,"",,
2011,"",,
2011,"",,
2011,"",,
2011,"",,
2011,"",,
2011,"",,
2011,"",,
2011,"",,
2011,"",,
2011,"",,
2011,"",,
2011,"",,
2011,"",,
2011,"",,
2011,"",,
2011,"",,
2011,"",,
2011,"",,
2011,"",,
2011,"",,
2011,"",,
2011,"",,
2011,"",,
2011,"",,
2011,"",,
2011,"",,
2011,"",,
2011,"",,
2011,"",,
2011,"",,
2011,"",,
2011,"",,
2011,"",,
2011,"",,
2011,"",,
2011,"",,
2011,"",,
2011,"",,
2011,"",,
2011,"",,
2011,"",,
2011,"",,
2011,"",,
2011,"",,
2011,"",,
2011,"",,
2011,"",,
2011,"",,
2011,"",,
2011,"",,
2011,"",,
2011,"",,
2011,"",,
2011,"",,
2011,"",,
2011,"",,
2011,"",,
2011,"",,
2011,"",,
2011,"",,
2011,"",,
2011,"",,
2011,"",,
2011,"",,
2011,"",,
2011,"",,
2011,"",,
2011,"",,
2011,"",,
2011,"",,
2011,"",,
2011,"",,
2011,"",,
2011,"",,
2011,"",,
2011,"",,
2011,"",,
2011,"",,
2011,"",,
2011,"",,
2011,"",,
2011,"",,
2011,"",,
2011,"",,
2011,"",,
2011,"",,
2011,"",,
2011,"",,
2011,"",,
2011,"",,
2011,"",,
2011,"",,
2011,"",,
2011,"",,
2011,"",,
2011,"",,
2011,"",,
2011,"",,
2011,"",,
2011,"",,
2011,"",,
2011,"",,
2011,"",,
2011,"",,
2011,"",,
2011,"",,
2011,"",,
2011,"",,
2011,"",,
2011,"",,
2011,"",,
2011,"",,
2011,"",,
2011,"",,
2011,"",,
2011,"",,
2011,"",,
2011,"",,
2011,"",,
2011,"",,
2011,"",,
2011,"",,
2011,"",,
2011,"",,
2011,"",,
2011,"",,
2011,"",,
2011,"",,
2011,"",,
2011,"",,
2011,"",,
2011,"",,
2011,"",,
2011,"",,
2011,"",,
2011,"",,
2011,"",,
2011,"",,
2011,"",,
2011,"",,
2011,"",,
2011,"",,
2011,"",,
2011,"",,
2011,"",,
2011,"",,
2011,"",,
2011,"",,
2011,"",,
2011,"",,
2011,"",,
2011,"",,
2011,"",,
2011,"",,
2011,"",,
2011,"",,
2011,"",,
2011,"",,
2011,"",,
2011,"",,
2011,"",,
2011,"",,
2011,"",,
2011,"",,
2011,"",,
2011,"",,
2011,"",,
2011,"",,
2011,"",,
2011,"",,
2011,"",,
2011,"",,
2011,"",,
2011,"",,
2011,"",,
2011,"",,
2011,"",,
2011,"",,
2011,"",,
2011,"",,
2011,"",,
2011,"",,
2011,"",,
2011,"",,
2011,"",,
2011,"",,
2011,"",,
2011,"",,
2011,"",,
2011,"",,
2011,"",,
2011,"",,
2011,"",,
2011,"",,
2011,"",,
2011,"",,
2011,"Wolverhampton",,
2011,"",,
2011,"",,
2011,"",,
2011,"",,
2011,"",,
2011,"",,
2011,"",,
2011,"",,
2011,"",,
2011,"",,
2011,"",,
2011,"",,
2011,"",,
2011,"",,
2011,"",,
2011,"",,
2011,"",,
2011,"",,
2011,"",,
2011,"",,
2011,"",,
2011,"",,
2011,"",,
2011,"",,
2011,"",,
2011,"",,
2011,"",,
2011,"",,
2011,"",,
2011,"",,
2011,"",,
2011,"",,
2011,"",,
2011,"",,
2011,"",,
2011,"",,
2011,"",,
2011,"",,
2011,"",,
2011,"",,
2011,"",,
2011,"",,
2011,"",,
2011,"",,
2011,"",,
2011,"",,
2011,"",,
2011,"",,
2011,"",,
2011,"",,
2011,"",,
2011,"",,
2011,"",,
2011,"",,
2011,"",,
2011,"",,
2011,"",,
2011,"",,
2011,"",,
2011,"",,
2011,"",,
2011,"",,
2011,"",,
2011,"",,
2011,"",,
2011,"",,
2011,"",,
2011,"",,
2011,"",,
2011,"",,
2011,"",,
2011,"",,
2011,"",,
2011,"",,
2011,"",,
2011,"",,
2011,"",,
2011,"",,
2011,"",,
2011,"",,
2011,"",,
2011,"",,
2011,"",,
2011,"",,
2011,"",,
2011,"",,
2011,"",,
2011,"",,
2011,"",,
2011,"",,
2011,"",,
2011,"",,
2011,"",,
2011,"",,
2011,"",,
2011,"",,
2011,"",,
2011,"",,
2011,"",,
2011,"",,
2011,"",,
2011,"",,
2011,"",,
2011,"",,
2011,"",,
2011,"",,
2011,"",,
2011,"",,
2011,"",,
2011,"",,
2011,"",,
2011,"",,
2011,"",,
2011,"",,
2011,"",,
2011,"",,
2011,"",,
2011,"",,
2011,"",,
2011,"",,
2011,"",,
2011,"",,
2011,"",,
2011,"",,
2011,"",,
2011,"",,
2011,"",,
2011,"",,
2011,"",,
2011,"",,
2011,"",,
2011,"",,
2011,"",,
2011,"",,
2011,"",,
2011,"",,
2011,"",,
2011,"",,
2011,"",,
2011,"",,
2011,"",,
2011,"",,
2011,"",,
2011,"",,
2011,"",,
2011,"",,
2011,"",,
2011,"",,
2011,"",,
2011,"",,
2011,"",,
2011,"",,
2011,"",,
2011,"",,
2011,"",,
2011,"",,
2011,"",,
2011,"",,
2011,"",,
2011,"",,
2011,"",,
2011,"",,
2011,"",,
2011,"",,
2011,"",,
2011,"",,
2011,"",,
2011,"",,
2011,"",,
2011,"",,
2011,"",,
2011,"",,
2011,"",,
2011,"",,
2011,"",,
2011,"",,
2011,"",,
2011,"",,
2011,"",,
2011,"",,
2011,"",,
2011,"",,
2011,"",,
2011,"",,
2011,"",,
2011,"",,
2011,"",,
2011,"",,
2011,"",,
2011,"",,
2011,"",,
2011,"",,
2011,"",,
2011,"",,
2011,"",,
2011,"",,
2011,"",,
2011,"",,
2011,"",,
2011,"",,
2011,"",,
2011,"",,
2011,"",,
2011,"",,
2011,"",,
2011,"",,
2011,"",,
2011,"",,
2011,"",,
2011,"",,
2011,"",,
2011,"",,
2011,"",,
2011,"",,
2011,"",,
2011,"",,
2011,"",,
2011,"",,
2011,"",,
2011,"",,
2011,"",,
2011,"",,
2011,"",,
2011,"",,
2011,"",,
2011,"",,
2011,"",,
2011,"",,
2011,"",,
2011,"",,
2011,"",,
2011,"",,
2011,"",,
2011,"",,
2011,"",,
2011,"",,
2011,"",,
2011,"",,
2011,"",,
2011,"",,
2011,"",,
2011,"",,
2011,"",,
2011,"",,
2011,"",,
2011,"",,
2011,"",,
2011,"",,
2011,"",,
2011,"",,
2011,"",,
2011,"",,
2011,"",,
2011,"",,
2011,"",,
2011,"",,
2011,"",,
2011,"",,
2011,"",,
2011,"",,
2011,"",,
2011,"",,
2011,"",,
2011,"",,
2011,"",,
2011,"",,
2011,"",,
2011,"",,
2011,"",,
2011,"",,
2011,"",,
2011,"",,
2011,"",,
2011,"",,
2011,"",,
2011,"",,
2011,"",,
2011,"",,
2011,"",,
2011,"",,
2011,"",,
2011,"",,
2011,"",,
2011,"",,
2011,"",,
2011,"",,
2011,"",,
2011,"",,
2011,"",,
2011,"",,
2011,"",,
2011,"",,
2012,"Birmingham",,
2012,"",,
2012,"",,
2012,"",,
2012,"",,
2012,"",,
2012,"",,
2012,"",,
2012,"",,
2012,"",,
2012,"",,
2012,"",,
2012,"",,
2012,"",,
2012,"",,
2012,"",,
2012,"",,
2012,"",,
2012,"",,
2012,"",,
2012,"",,
2012,"",,
2012,"",,
2012,"",,
2012,"",,
2012,"",,
2012,"",,
2012,"",,
2012,"",,
2012,"",,
2012,"",,
2012,"",,
2012,"",,
2012,"",,
2012,"",,
2012,"",,
2012,"",,
2012,"",,
2012,"",,
2012,"",,
2012,"",,
2012,"",,
2012,"",,
2012,"",,
2012,"",,
2012,"",,
2012,"",,
2012,"",,
2012,"",,
2012,"",,
2012,"",,
2012,"",,
2012,"",,
2012,"",,
2012,"",,
2012,"",,
2012,"",,
2012,"",,
2012,"",,
2012,"",,
2012,"",,
2012,"",,
2012,"",,
2012,"",,
2012,"",,
2012,"",,
2012,"",,
2012,"",,
2012,"",,
2012,"",,
2012,"",,
2012,"",,
2012,"",,
2012,"",,
2012,"",,
2012,"",,
2012,"",,
2012,"",,
2012,"",,
2012,"",,
2012,"",,
2012,"",,
2012,"",,
2012,"",,
2012,"",,
2012,"",,
2012,"",,
2012,"",,
2012,"",,
2012,"",,
2012,"",,
2012,"",,
2012,"",,
2012,"",,
2012,"",,
2012,"",,
2012,"",,
2012,"",,
2012,"",,
2012,"",,
2012,"",,
2012,"",,
2012,"",,
2012,"",,
2012,"",,
2012,"",,
2012,"",,
2012,"",,
2012,"",,
2012,"",,
2012,"",,
2012,"",,
2012,"",,
2012,"",,
2012,"",,
2012,"",,
2012,"",,
2012,"",,
2012,"",,
2012,"",,
2012,"",,
2012,"",,
2012,"",,
2012,"",,
2012,"",,
2012,"",,
2012,"",,
2012,"",,
2012,"",,
2012,"",,
2012,"",,
2012,"",,
2012,"",,
2012,"",,
2012,"",,
2012,"",,
2012,"",,
2012,"",,
2012,"",,
2012,"",,
2012,"",,
2012,"",,
2012,"",,
2012,"",,
2012,"",,
2012,"",,
2012,"",,
2012,"",,
2012,"",,
2012,"",,
2012,"",,
2012,"",,
2012,"",,
2012,"",,
2012,"",,
2012,"",,
2012,"",,
2012,"",,
2012,"",,
2012,"",,
2012,"",,
2012,"",,
2012,"",,
2012,"",,
2012,"",,
2012,"",,
2012,"",,
2012,"",,
2012,"",,
2012,"",,
2012,"",,
2012,"",,
2012,"",,
2012,"",,
2012,"",,
2012,"",,
2012,"",,
2012,"",,
2012,"",,
2012,"",,
2012,"",,
2012,"",,
2012,"",,
2012,"",,
2012,"",,
2012,"",,
2012,"",,
2012,"",,
2012,"",,
2012,"",,
2012,"",,
2012,"",,
2012,"",,
2012,"",,
2012,"",,
2012,"",,
2012,"",,
2012,"",,
2012,"",,
2012,"",,
2012,"",,
2012,"",,
2012,"",,
2012,"",,
2012,"",,
2012,"",,
2012,"",,
2012,"",,
2012,"",,
2012,"",,
2012,"",,
2012,"",,
2012,"",,
2012,"",,
2012,"",,
2012,"",,
2012,"",,
2012,"",,
2012,"",,
2012,"",,
2012,"",,
2012,"",,
2012,"",,
2012,"",,
2012,"",,
2012,"",,
2012,"",,
2012,"",,
2012,"",,
2012,"",,
2012,"",,
2012,"",,
2012,"",,
2012,"",,
2012,"",,
2012,"",,
2012,"",,
2012,"",,
2012,"",,
2012,"",,
2012,"",,
2012,"",,
2012,"",,
2012,"",,
2012,"",,
2012,"",,
2012,"",,
2012,"",,
2012,"",,
2012,"",,
2012,"",,
2012,"",,
2012,"",,
2012,"",,
2012,"",,
2012,"",,
2012,"",,
2012,"",,
2012,"",,
2012,"",,
2012,"",,
2012,"",,
2012,"",,
2012,"",,
2012,"",,
2012,"",,
2012,"",,
2012,"",,
2012,"",,
2012,"",,
2012,"",,
2012,"",,
2012,"",,
2012,"",,
2012,"",,
2012,"",,
2012,"",,
2012,"",,
2012,"",,
2012,"",,
2012,"",,
2012,"",,
2012,"",,
2012,"",,
2012,"",,
2012,"",,
2012,"",,
2012,"",,
2012,"",,
2012,"",,
2012,"",,
2012,"",,
2012,"",,
2012,"",,
2012,"",,
2012,"",,
2012,"",,
2012,"",,
2012,"",,
2012,"",,
2012,"",,
2012,"",,
2012,"",,
2012,"",,
2012,"",,
2012,"",,
2012,"",,
2012,"",,
2012,"",,
2012,"",,
2012,"",,
2012,"",,
2012,"",,
2012,"",,
2012,"",,
2012,"",,
2012,"",,
2012,"",,
2012,"",,
2012,"",,
2012,"",,
2012,"",,
2012,"",,
2012,"",,
2012,"",,
2012,"",,
2012,"",,
2012,"",,
2012,"",,
2012,"",,
2012,"",,
2012,"",,
2012,"",,
2012,"",,
2012,"",,
2012,"",,
2012,"",,
2012,"",,
2012,"",,
2012,"",,
2012,"",,
2012,"",,
2012,"",,
2012,"",,
2012,"",,
2012,"",,
2012,"",,
2012,"",,
2012,"",,
2012,"",,
2012,"",,
2012,"",,
2012,"",,
2012,"",,
2012,"",,
2012,"",,
2012,"",,
2012,"",,
2012,"",,
2012,"",,
2012,"",,
2012,"",,
2012,"",,
2012,"",,
2012,"",,
2012,"",,
2012,"",,
2012,"",,
2012,"",,
2012,"",,
2012,"",,
2012,"",,
2012,"",,
2012,"",,
2012,"",,
2012,"",,
2012,"",,
2012,"",,
2012,"",,
2012,"",,
2012,"",,
2012,"",,
2012,"",,
2012,"",,
2012,"",,
2012,"",,
2012,"",,
2012,"",,
2012,"",,
2012,"",,
2012,"",,
2012,"",,
2012,"",,
2012,"",,
2012,"",,
2012,"",,
2012,"",,
2012,"",,
2012,"",,
2012,"",,
2012,"",,
2012,"",,
2012,"",,
2012,"",,
2012,"",,
2012,"",,
2012,"",,
2012,"",,
2012,"",,
2012,"",,
2012,"",,
2012,"",,
2012,"",,
2012,"",,
2012,"",,
2012,"",,
2012,"",,
2012,"",,
2012,"",,
2012,"",,
2012,"",,
2012,"",,
2012,"",,
2012,"",,
2012,"",,
2012,"",,
2012,"",,
2012,"",,
2012,"",,
2012,"",,
2012,"",,
2012,"",,
2012,"",,
2012,"",,
2012,"",,
2012,"",,
2012,"",,
2012,"",,
2012,"",,
2012,"",,
2012,"",,
2012,"",,
2012,"",,
2012,"",,
2012,"",,
2012,"",,
2012,"",,
2012,"",,
2012,"",,
2012,"",,
2012,"",,
2012,"",,
2012,"",,
2012,"",,
2012,"",,
2012,"",,
2012,"",,
2012,"",,
2012,"",,
2012,"",,
2012,"",,
2012,"",,
2012,"",,
2012,"",,
2012,"",,
2012,"",,
2012,"",,
2012,"",,
2012,"",,
2012,"",,
2012,"",,
2012,"",,
2012,"",,
2012,"",,
2012,"",,
2012,"",,
2012,"",,
2012,"",,
2012,"",,
2012,"",,
2012,"",,
2012,"",,
2012,"",,
2012,"",,
2012,"",,
2012,"",,
2012,"",,
2012,"",,
2012,"",,
2012,"",,
2012,"",,
2012,"",,
2012,"",,
2012,"",,
2012,"",,
2012,"",,
2012,"",,
2012,"",,
2012,"",,
2012,"",,
2012,"",,
2012,"",,
2012,"",,
2012,"",,
2012,"",,
2012,"",,
2012,"",,
2012,"",,
2012,"",,
2012,"",,
2012,"",,
2012,"",,
2012,"",,
2012,"",,
2012,"",,
2012,"",,
2012,"",,
2012,"",,
2012,"",,
2012,"",,
2012,"",,
2012,"",,
2012,"",,
2012,"",,
2012,"",,
2012,"",,
2012,"",,
2012,"",,
2012,"",,
2012,"",,
2012,"",,
2012,"",,
2012,"",,
2012,"",,
2012,"",,
2012,"",,
2012,"",,
2012,"",,
2012,"",,
2012,"",,
2012,"",,
2012,"",,
2012,"",,
2012,"",,
2012,"",,
2012,"",,
2012,"",,
2012,"",,
2012,"",,
2012,"",,
2012,"",,
2012,"",,
2012,"",,
2012,"",,
2012,"",,
2012,"",,
2012,"",,
2012,"",,
2012,"",,
2012,"",,
2012,"",,
2012,"",,
2012,"",,
2012,"",,
2012,"",,
2012,"",,
2012,"",,
2012,"",,
2012,"",,
2012,"",,
2012,"",,
2012,"",,
2012,"",,
2012,"",,
2012,"",,
2012,"",,
2012,"",,
2012,"",,
2012,"",,
2012,"",,
2012,"",,
2012,"",,
2012,"",,
2012,"",,
2012,"",,
2012,"",,
2012,"",,
2012,"",,
2012,"",,
2012,"",,
2012,"",,
2012,"",,
2012,"",,
2012,"",,
2012,"",,
2012,"",,
2012,"",,
2012,"",,
2012,"",,
2012,"",,
2012,"",,
2012,"",,
2012,"",,
2012,"",,
2012,"",,
2012,"",,
2012,"",,
2012,"",,
2012,"",,
2012,"",,
2012,"",,
2012,"",,
2012,"",,
2012,"",,
2012,"",,
2012,"",,
2012,"",,
2012,"",,
2012,"",,
2012,"",,
2012,"",,
2012,"",,
2012,"",,
2012,"",,
2012,"",,
2012,"",,
2012,"",,
2012,"",,
2012,"",,
2012,"",,
2012,"",,
2012,"",,
2012,"",,
2012,"",,
2012,"",,
2012,"",,
2012,"",,
2012,"",,
2012,"",,
2012,"",,
2012,"",,
2012,"",,
2012,"",,
2012,"",,
2012,"",,
2012,"",,
2012,"",,
2012,"",,
2012,"",,
2012,"",,
2012,"",,
2012,"",,
2012,"",,
2012,"",,
2012,"",,
2012,"",,
2012,"",,
2012,"",,
2012,"",,
2012,"",,
2012,"",,
2012,"",,
2012,"",,
2012,"",,
2012,"",,
2012,"",,
2012,"",,
2012,"",,
2012,"",,
2012,"",,
2012,"",,
2012,"",,
2012,"",,
2012,"",,
2012,"",,
2012,"",,
2012,"",,
2012,"",,
2012,"",,
2012,"",,
2012,"",,
2012,"",,
2012,"",,
2012,"",,
2012,"",,
2012,"",,
2012,"",,
2012,"",,
2012,"",,
2012,"",,
2012,"",,
2012,"",,
2012,"",,
2012,"",,
2012,"",,
2012,"",,
2012,"",,
2012,"",,
2012,"",,
2012,"",,
2012,"",,
2012,"",,
2012,"",,
2012,"",,
2012,"",,
2012,"",,
2012,"",,
2012,"",,
2012,"",,
2012,"",,
2012,"",,
2012,"",,
2012,"",,
2012,"",,
2012,"",,
2012,"",,
2012,"",,
2012,"",,
2012,"",,
2012,"",,
2012,"",,
2012,"",,
2012,"",,
2012,"",,
2012,"",,
2012,"",,
2012,"",,
2012,"",,
2012,"",,
2012,"",,
2012,"",,
2012,"",,
2012,"",,
2012,"",,
2012,"",,
2012,"",,
2012,"",,
2012,"",,
2012,"",,
2012,"",,
2012,"",,
2012,"",,
2012,"",,
2012,"",,
2012,"",,
2012,"",,
2012,"",,
2012,"",,
2012,"",,
2012,"",,
2012,"",,
2012,"",,
2012,"",,
2012,"",,
2012,"",,
2012,"",,
2012,"",,
2012,"",,
2012,"",,
2012,"",,
2012,"",,
2012,"",,
2012,"",,
2012,"",,
2012,"",,
2012,"",,
2012,"",,
2012,"",,
2012,"",,
2012,"",,
2012,"",,
2012,"",,
2012,"",,
2012,"",,
2012,"",,
2012,"",,
2012,"",,
2012,"",,
2012,"",,
2012,"",,
2012,"",,
2012,"",,
2012,"",,
2012,"",,
2012,"",,
2012,"",,
2012,"",,
2012,"",,
2012,"",,
2012,"",,
2012,"",,
2012,"",,
2012,"",,
2012,"",,
2012,"",,
2012,"",,
2012,"",,
2012,"",,
2012,"",,
2012,"",,
2012,"",,
2012,"",,
2012,"",,
2012,"",,
2012,"",,
2012,"",,
2012,"",,
2012,"",,
2012,"",,
2012,"",,
2012,"",,
2012,"",,
2012,"",,
2012,"",,
2012,"",,
2012,"",,
2012,"",,
2012,"",,
2012,"",,
2012,"",,
2012,"",,
2012,"",,
2012,"",,
2012,"",,
2012,"",,
2012,"",,
2012,"",,
2012,"",,
2012,"",,
2012,"",,
2012,"",,
2012,"",,
2012,"",,
2012,"",,
2012,"",,
2012,"",,
2012,"",,
2012,"",,
2012,"",,
2012,"",,
2012,"",,
2012,"",,
2012,"",,
2012,"",,
2012,"",,
2012,"",,
2012,"",,
2012,"",,
2012,"",,
2012,"",,
2012,"",,
2012,"",,
2012,"",,
2012,"",,
2012,"",,
2012,"",,
2012,"",,
2012,"",,
2012,"",,
2012,"",,
2012,"",,
2012,"",,
2012,"",,
2012,"",,
2012,"",,
2012,"",,
2012,"",,
2012,"",,
2012,"",,
2012,"",,
2012,"",,
2012,"",,
2012,"",,
2012,"",,
2012,"",,
2012,"",,
2012,"",,
2012,"",,
2012,"",,
2012,"",,
2012,"",,
2012,"",,
2012,"",,
2012,"",,
2012,"",,
2012,"",,
2012,"",,
2012,"",,
2012,"",,
2012,"",,
2012,"",,
2012,"",,
2012,"",,
2012,"",,
2012,"",,
2012,"",,
2012,"",,
2012,"",,
2012,"",,
2012,"",,
2012,"",,
2012,"",,
2012,"",,
2012,"",,
2012,"",,
2012,"",,
2012,"",,
2012,"",,
2012,"",,
2012,"",,
2012,"",,
2012,"",,
2012,"",,
2012,"",,
2012,"",,
2012,"",,
2012,"",,
2012,"",,
2012,"",,
2012,"",,
2012,"",,
2012,"",,
2012,"",,
2012,"",,
2012,"",,
2012,"",,
2012,"",,
2012,"",,
2012,"",,
2012,"",,
2012,"",,
2012,"",,
2012,"",,
2012,"",,
2012,"",,
2012,"",,
2012,"",,
2012,"",,
2012,"",,
2012,"",,
2012,"",,
2012,"",,
2012,"",,
2012,"",,
2012,"",,
2012,"",,
2012,"",,
2012,"",,
2012,"",,
2012,"",,
2012,"",,
2012,"",,
2012,"",,
2012,"",,
2012,"",,
2012,"",,
2012,"",,
2012,"",,
2012,"",,
2012,"",,
2012,"",,
2012,"",,
2012,"",,
2012,"",,
2012,"",,
2012,"",,
2012,"",,
2012,"",,
2012,"",,
2012,"",,
2012,"",,
2012,"",,
2012,"",,
2012,"",,
2012,"",,
2012,"",,
2012,"",,
2012,"",,
2012,"",,
2012,"",,
2012,"",,
2012,"",,
2012,"",,
2012,"",,
2012,"",,
2012,"",,
2012,"",,
2012,"",,
2012,"",,
2012,"",,
2012,"",,
2012,"",,
2012,"",,
2012,"",,
2012,"",,
2012,"",,
2012,"",,
2012,"",,
2012,"",,
2012,"",,
2012,"",,
2012,"",,
2012,"",,
2012,"",,
2012,"",,
2012,"",,
2012,"",,
2012,"",,
2012,"",,
2012,"",,
2012,"",,
2012,"",,
2012,"",,
2012,"",,
2012,"",,
2012,"",,
2012,"",,
2012,"",,
2012,"",,
2012,"",,
2012,"",,
2012,"",,
2012,"",,
2012,"",,
2012,"",,
2012,"",,
2012,"",,
2012,"",,
2012,"",,
2012,"",,
2012,"",,
2012,"",,
2012,"",,
2012,"",,
2012,"",,
2012,"",,
2012,"",,
2012,"",,
2012,"",,
2012,"",,
2012,"",,
2012,"",,
2012,"",,
2012,"",,
2012,"",,
2012,"",,
2012,"",,
2012,"",,
2012,"",,
2012,"",,
2012,"",,
2012,"",,
2012,"",,
2012,"",,
2012,"",,
2012,"",,
2012,"",,
2012,"",,
2012,"",,
2012,"",,
2012,"",,
2012,"",,
2012,"",,
2012,"",,
2012,"",,
2012,"",,
2012,"",,
2012,"",,
2012,"",,
2012,"",,
2012,"",,
2012,"",,
2012,"",,
2012,"",,
2012,"",,
2012,"",,
2012,"",,
2012,"",,
2012,"",,
2012,"",,
2012,"",,
2012,"",,
2012,"",,
2012,"",,
2012,"",,
2012,"",,
2012,"",,
2012,"",,
2012,"",,
2012,"",,
2012,"",,
2012,"",,
2012,"",,
2012,"",,
2012,"",,
2012,"",,
2012,"",,
2012,"",,
2012,"",,
2012,"",,
2012,"",,
2012,"",,
2012,"",,
2012,"",,
2012,"",,
2012,"",,
2012,"",,
2012,"",,
2012,"",,
2012,"",,
2012,"",,
2012,"",,
2012,"",,
2012,"",,
2012,"",,
2012,"",,
2012,"",,
2012,"",,
2012,"",,
2012,"",,
2012,"",,
2012,"",,
2012,"",,
2012,"",,
2012,"",,
2012,"",,
2012,"",,
2012,"",,
2012,"",,
2012,"",,
2012,"",,
2012,"",,
2012,"",,
2012,"",,
2012,"",,
2012,"",,
2012,"",,
2012,"",,
2012,"",,
2012,"",,
2012,"",,
2012,"",,
2012,"",,
2012,"",,
2012,"",,
2012,"",,
2012,"",,
2012,"",,
2012,"",,
2012,"",,
2012,"",,
2012,"",,
2012,"",,
2012,"",,
2012,"",,
2012,"",,
2012,"",,
2012,"",,
2012,"",,
2012,"",,
2012,"",,
2012,"",,
2012,"",,
2012,"",,
2012,"",,
2012,"",,
2012,"",,
2012,"",,
2012,"",,
2012,"",,
2012,"",,
2012,"",,
2012,"",,
2012,"",,
2012,"",,
2012,"",,
2012,"",,
2012,"",,
2012,"",,
2012,"",,
2012,"",,
2012,"",,
2012,"",,
2012,"",,
2012,"",,
2012,"",,
2012,"",,
2012,"",,
2012,"",,
2012,"",,
2012,"",,
2012,"",,
2012,"",,
2012,"",,
2012,"",,
2012,"",,
2012,"",,
2012,"Coventry",,
2012,"",,
2012,"",,
2012,"",,
2012,"",,
2012,"",,
2012,"",,
2012,"",,
2012,"",,
2012,"",,
2012,"",,
2012,"",,
2012,"",,
2012,"",,
2012,"",,
2012,"",,
2012,"",,
2012,"",,
2012,"",,
2012,"",,
2012,"",,
2012,"",,
2012,"",,
2012,"",,
2012,"",,
2012,"",,
2012,"",,
2012,"",,
2012,"",,
2012,"",,
2012,"",,
2012,"",,
2012,"",,
2012,"",,
2012,"",,
2012,"",,
2012,"",,
2012,"",,
2012,"",,
2012,"",,
2012,"",,
2012,"",,
2012,"",,
2012,"",,
2012,"",,
2012,"",,
2012,"",,
2012,"",,
2012,"",,
2012,"",,
2012,"",,
2012,"",,
2012,"",,
2012,"",,
2012,"",,
2012,"",,
2012,"",,
2012,"",,
2012,"",,
2012,"",,
2012,"",,
2012,"",,
2012,"",,
2012,"",,
2012,"",,
2012,"",,
2012,"",,
2012,"",,
2012,"",,
2012,"",,
2012,"",,
2012,"",,
2012,"",,
2012,"",,
2012,"",,
2012,"",,
2012,"",,
2012,"",,
2012,"",,
2012,"",,
2012,"",,
2012,"",,
2012,"",,
2012,"",,
2012,"",,
2012,"",,
2012,"",,
2012,"",,
2012,"",,
2012,"",,
2012,"",,
2012,"",,
2012,"",,
2012,"",,
2012,"",,
2012,"",,
2012,"",,
2012,"",,
2012,"",,
2012,"",,
2012,"",,
2012,"",,
2012,"",,
2012,"",,
2012,"",,
2012,"",,
2012,"",,
2012,"",,
2012,"",,
2012,"",,
2012,"",,
2012,"",,
2012,"",,
2012,"",,
2012,"",,
2012,"",,
2012,"",,
2012,"",,
2012,"",,
2012,"",,
2012,"",,
2012,"",,
2012,"",,
2012,"",,
2012,"",,
2012,"",,
2012,"",,
2012,"",,
2012,"",,
2012,"",,
2012,"",,
2012,"",,
2012,"",,
2012,"",,
2012,"",,
2012,"",,
2012,"",,
2012,"",,
2012,"",,
2012,"",,
2012,"",,
2012,"",,
2012,"",,
2012,"",,
2012,"",,
2012,"",,
2012,"",,
2012,"",,
2012,"",,
2012,"",,
2012,"",,
2012,"",,
2012,"",,
2012,"",,
2012,"",,
2012,"",,
2012,"",,
2012,"",,
2012,"",,
2012,"",,
2012,"",,
2012,"",,
2012,"",,
2012,"",,
2012,"",,
2012,"",,
2012,"",,
2012,"",,
2012,"",,
2012,"",,
2012,"",,
2012,"",,
2012,"",,
2012,"",,
2012,"",,
2012,"",,
2012,"",,
2012,"",,
2012,"",,
2012,"",,
2012,"",,
2012,"",,
2012,"",,
2012,"",,
2012,"",,
2012,"",,
2012,"",,
2012,"",,
2012,"",,
2012,"",,
2012,"",,
2012,"",,
2012,"",,
2012,"",,
2012,"",,
2012,"",,
2012,"",,
2012,"",,
2012,"",,
2012,"",,
2012,"",,
2012,"",,
2012,"",,
2012,"",,
2012,"",,
2012,"",,
2012,"",,
2012,"",,
2012,"",,
2012,"",,
2012,"",,
2012,"",,
2012,"",,
2012,"",,
2012,"",,
2012,"",,
2012,"",,
2012,"",,
2012,"",,
2012,"",,
2012,"",,
2012,"",,
2012,"",,
2012,"",,
2012,"",,
2012,"",,
2012,"",,
2012,"",,
2012,"",,
2012,"",,
2012,"",,
2012,"",,
2012,"",,
2012,"",,
2012,"",,
2012,"",,
2012,"",,
2012,"",,
2012,"",,
2012,"",,
2012,"",,
2012,"",,
2012,"",,
2012,"Dudley",,
2012,"",,
2012,"",,
2012,"",,
2012,"",,
2012,"",,
2012,"",,
2012,"",,
2012,"",,
2012,"",,
2012,"",,
2012,"",,
2012,"",,
2012,"",,
2012,"",,
2012,"",,
2012,"",,
2012,"",,
2012,"",,
2012,"",,
2012,"",,
2012,"",,
2012,"",,
2012,"",,
2012,"",,
2012,"",,
2012,"",,
2012,"",,
2012,"",,
2012,"",,
2012,"",,
2012,"",,
2012,"",,
2012,"",,
2012,"",,
2012,"",,
2012,"",,
2012,"",,
2012,"",,
2012,"",,
2012,"",,
2012,"",,
2012,"",,
2012,"",,
2012,"",,
2012,"",,
2012,"",,
2012,"",,
2012,"",,
2012,"",,
2012,"",,
2012,"",,
2012,"",,
2012,"",,
2012,"",,
2012,"",,
2012,"",,
2012,"",,
2012,"",,
2012,"",,
2012,"",,
2012,"",,
2012,"",,
2012,"",,
2012,"",,
2012,"",,
2012,"",,
2012,"",,
2012,"",,
2012,"",,
2012,"",,
2012,"",,
2012,"",,
2012,"",,
2012,"",,
2012,"",,
2012,"",,
2012,"",,
2012,"",,
2012,"",,
2012,"",,
2012,"",,
2012,"",,
2012,"",,
2012,"",,
2012,"",,
2012,"",,
2012,"",,
2012,"",,
2012,"",,
2012,"",,
2012,"",,
2012,"",,
2012,"",,
2012,"",,
2012,"",,
2012,"",,
2012,"",,
2012,"",,
2012,"",,
2012,"",,
2012,"",,
2012,"",,
2012,"",,
2012,"",,
2012,"",,
2012,"",,
2012,"",,
2012,"",,
2012,"",,
2012,"",,
2012,"",,
2012,"",,
2012,"",,
2012,"",,
2012,"",,
2012,"",,
2012,"",,
2012,"",,
2012,"",,
2012,"",,
2012,"",,
2012,"",,
2012,"Solihull",,
2012,"",,
2012,"",,
2012,"",,
2012,"",,
2012,"",,
2012,"",,
2012,"",,
2012,"",,
2012,"",,
2012,"",,
2012,"",,
2012,"",,
2012,"",,
2012,"",,
2012,"",,
2012,"",,
2012,"",,
2012,"",,
2012,"",,
2012,"",,
2012,"",,
2012,"",,
2012,"",,
2012,"",,
2012,"",,
2012,"",,
2012,"",,
2012,"",,
2012,"",,
2012,"",,
2012,"",,
2012,"",,
2012,"",,
2012,"",,
2012,"",,
2012,"",,
2012,"",,
2012,"",,
2012,"",,
2012,"",,
2012,"",,
2012,"",,
2012,"",,
2012,"",,
2012,"",,
2012,"",,
2012,"",,
2012,"",,
2012,"",,
2012,"",,
2012,"",,
2012,"",,
2012,"",,
2012,"",,
2012,"",,
2012,"",,
2012,"",,
2012,"",,
2012,"",,
2012,"",,
2012,"",,
2012,"",,
2012,"",,
2012,"",,
2012,"",,
2012,"",,
2012,"",,
2012,"",,
2012,"",,
2012,"",,
2012,"",,
2012,"",,
2012,"",,
2012,"",,
2012,"",,
2012,"",,
2012,"",,
2012,"",,
2012,"",,
2012,"",,
2012,"",,
2012,"",,
2012,"",,
2012,"",,
2012,"",,
2012,"",,
2012,"",,
2012,"",,
2012,"",,
2012,"",,
2012,"",,
2012,"",,
2012,"",,
2012,"",,
2012,"",,
2012,"",,
2012,"",,
2012,"",,
2012,"",,
2012,"",,
2012,"",,
2012,"",,
2012,"",,
2012,"",,
2012,"",,
2012,"",,
2012,"",,
2012,"",,
2012,"",,
2012,"",,
2012,"",,
2012,"",,
2012,"",,
2012,"",,
2012,"",,
2012,"",,
2012,"",,
2012,"",,
2012,"",,
2012,"",,
2012,"",,
2012,"",,
2012,"",,
2012,"",,
2012,"",,
2012,"",,
2012,"",,
2012,"",,
2012,"",,
2012,"",,
2012,"",,
2012,"",,
2012,"",,
2012,"",,
2012,"",,
2012,"",,
2012,"",,
2012,"",,
2012,"",,
2012,"",,
2012,"Sandwell",,
2012,"",,
2012,"",,
2012,"",,
2012,"",,
2012,"",,
2012,"",,
2012,"",,
2012,"",,
2012,"",,
2012,"",,
2012,"",,
2012,"",,
2012,"",,
2012,"",,
2012,"",,
2012,"",,
2012,"",,
2012,"",,
2012,"",,
2012,"",,
2012,"",,
2012,"",,
2012,"",,
2012,"",,
2012,"",,
2012,"",,
2012,"",,
2012,"",,
2012,"",,
2012,"",,
2012,"",,
2012,"",,
2012,"",,
2012,"",,
2012,"",,
2012,"",,
2012,"",,
2012,"",,
2012,"",,
2012,"",,
2012,"",,
2012,"",,
2012,"",,
2012,"",,
2012,"",,
2012,"",,
2012,"",,
2012,"",,
2012,"",,
2012,"",,
2012,"",,
2012,"",,
2012,"",,
2012,"",,
2012,"",,
2012,"",,
2012,"",,
2012,"",,
2012,"",,
2012,"",,
2012,"",,
2012,"",,
2012,"",,
2012,"",,
2012,"",,
2012,"",,
2012,"",,
2012,"",,
2012,"",,
2012,"",,
2012,"",,
2012,"",,
2012,"",,
2012,"",,
2012,"",,
2012,"",,
2012,"",,
2012,"",,
2012,"",,
2012,"",,
2012,"",,
2012,"",,
2012,"",,
2012,"",,
2012,"",,
2012,"",,
2012,"",,
2012,"",,
2012,"",,
2012,"",,
2012,"",,
2012,"",,
2012,"",,
2012,"",,
2012,"",,
2012,"",,
2012,"",,
2012,"",,
2012,"",,
2012,"",,
2012,"",,
2012,"",,
2012,"",,
2012,"",,
2012,"",,
2012,"",,
2012,"",,
2012,"",,
2012,"",,
2012,"",,
2012,"",,
2012,"",,
2012,"",,
2012,"",,
2012,"",,
2012,"",,
2012,"",,
2012,"",,
2012,"",,
2012,"",,
2012,"",,
2012,"",,
2012,"",,
2012,"",,
2012,"",,
2012,"",,
2012,"",,
2012,"",,
2012,"",,
2012,"",,
2012,"",,
2012,"",,
2012,"",,
2012,"",,
2012,"",,
2012,"",,
2012,"",,
2012,"",,
2012,"",,
2012,"",,
2012,"",,
2012,"",,
2012,"",,
2012,"",,
2012,"",,
2012,"",,
2012,"",,
2012,"",,
2012,"",,
2012,"",,
2012,"",,
2012,"",,
2012,"",,
2012,"",,
2012,"",,
2012,"",,
2012,"",,
2012,"",,
2012,"",,
2012,"",,
2012,"",,
2012,"",,
2012,"",,
2012,"",,
2012,"",,
2012,"",,
2012,"Walsall",,
2012,"",,
2012,"",,
2012,"",,
2012,"",,
2012,"",,
2012,"",,
2012,"",,
2012,"",,
2012,"",,
2012,"",,
2012,"",,
2012,"",,
2012,"",,
2012,"",,
2012,"",,
2012,"",,
2012,"",,
2012,"",,
2012,"",,
2012,"",,
2012,"",,
2012,"",,
2012,"",,
2012,"",,
2012,"",,
2012,"",,
2012,"",,
2012,"",,
2012,"",,
2012,"",,
2012,"",,
2012,"",,
2012,"",,
2012,"",,
2012,"",,
2012,"",,
2012,"",,
2012,"",,
2012,"",,
2012,"",,
2012,"",,
2012,"",,
2012,"",,
2012,"",,
2012,"",,
2012,"",,
2012,"",,
2012,"",,
2012,"",,
2012,"",,
2012,"",,
2012,"",,
2012,"",,
2012,"",,
2012,"",,
2012,"",,
2012,"",,
2012,"",,
2012,"",,
2012,"",,
2012,"",,
2012,"",,
2012,"",,
2012,"",,
2012,"",,
2012,"",,
2012,"",,
2012,"",,
2012,"",,
2012,"",,
2012,"",,
2012,"",,
2012,"",,
2012,"",,
2012,"",,
2012,"",,
2012,"",,
2012,"",,
2012,"",,
2012,"",,
2012,"",,
2012,"",,
2012,"",,
2012,"",,
2012,"",,
2012,"",,
2012,"",,
2012,"",,
2012,"",,
2012,"",,
2012,"",,
2012,"",,
2012,"",,
2012,"",,
2012,"",,
2012,"",,
2012,"",,
2012,"",,
2012,"",,
2012,"",,
2012,"",,
2012,"",,
2012,"",,
2012,"",,
2012,"",,
2012,"",,
2012,"",,
2012,"",,
2012,"",,
2012,"",,
2012,"",,
2012,"",,
2012,"",,
2012,"",,
2012,"",,
2012,"",,
2012,"",,
2012,"",,
2012,"",,
2012,"",,
2012,"",,
2012,"",,
2012,"",,
2012,"",,
2012,"",,
2012,"",,
2012,"",,
2012,"",,
2012,"",,
2012,"",,
2012,"",,
2012,"",,
2012,"",,
2012,"",,
2012,"",,
2012,"",,
2012,"",,
2012,"",,
2012,"",,
2012,"",,
2012,"",,
2012,"",,
2012,"",,
2012,"",,
2012,"",,
2012,"",,
2012,"",,
2012,"",,
2012,"",,
2012,"",,
2012,"",,
2012,"",,
2012,"",,
2012,"",,
2012,"",,
2012,"",,
2012,"",,
2012,"",,
2012,"",,
2012,"",,
2012,"",,
2012,"",,
2012,"",,
2012,"",,
2012,"",,
2012,"",,
2012,"",,
2012,"",,
2012,"",,
2012,"",,
2012,"",,
2012,"",,
2012,"",,
2012,"",,
2012,"",,
2012,"",,
2012,"",,
2012,"",,
2012,"",,
2012,"",,
2012,"",,
2012,"",,
2012,"",,
2012,"",,
2012,"",,
2012,"",,
2012,"",,
2012,"",,
2012,"",,
2012,"",,
2012,"",,
2012,"",,
2012,"",,
2012,"",,
2012,"",,
2012,"",,
2012,"",,
2012,"",,
2012,"",,
2012,"",,
2012,"",,
2012,"",,
2012,"",,
2012,"",,
2012,"",,
2012,"",,
2012,"",,
2012,"",,
2012,"",,
2012,"",,
2012,"",,
2012,"",,
2012,"",,
2012,"",,
2012,"",,
2012,"",,
2012,"",,
2012,"",,
2012,"",,
2012,"",,
2012,"",,
2012,"",,
2012,"",,
2012,"",,
2012,"",,
2012,"",,
2012,"",,
2012,"",,
2012,"",,
2012,"",,
2012,"",,
2012,"",,
2012,"",,
2012,"",,
2012,"",,
2012,"",,
2012,"",,
2012,"",,
2012,"",,
2012,"",,
2012,"",,
2012,"",,
2012,"",,
2012,"",,
2012,"",,
2012,"",,
2012,"",,
2012,"",,
2012,"",,
2012,"",,
2012,"",,
2012,"",,
2012,"",,
2012,"",,
2012,"",,
2012,"",,
2012,"",,
2012,"",,
2012,"",,
2012,"",,
2012,"",,
2012,"",,
2012,"",,
2012,"",,
2012,"",,
2012,"",,
2012,"",,
2012,"",,
2012,"",,
2012,"",,
2012,"",,
2012,"",,
2012,"",,
2012,"",,
2012,"",,
2012,"",,
2012,"",,
2012,"",,
2012,"",,
2012,"",,
2012,"Wolverhampton",,
2012,"",,
2012,"",,
2012,"",,
2012,"",,
2012,"",,
2012,"",,
2012,"",,
2012,"",,
2012,"",,
2012,"",,
2012,"",,
2012,"",,
2012,"",,
2012,"",,
2012,"",,
2012,"",,
2012,"",,
2012,"",,
2012,"",,
2012,"",,
2012,"",,
2012,"",,
2012,"",,
2012,"",,
2012,"",,
2012,"",,
2012,"",,
2012,"",,
2012,"",,
2012,"",,
2012,"",,
2012,"",,
2012,"",,
2012,"",,
2012,"",,
2012,"",,
2012,"",,
2012,"",,
2012,"",,
2012,"",,
2012,"",,
2012,"",,
2012,"",,
2012,"",,
2012,"",,
2012,"",,
2012,"",,
2012,"",,
2012,"",,
2012,"",,
2012,"",,
2012,"",,
2012,"",,
2012,"",,
2012,"",,
2012,"",,
2012,"",,
2012,"",,
2012,"",,
2012,"",,
2012,"",,
2012,"",,
2012,"",,
2012,"",,
2012,"",,
2012,"",,
2012,"",,
2012,"",,
2012,"",,
2012,"",,
2012,"",,
2012,"",,
2012,"",,
2012,"",,
2012,"",,
2012,"",,
2012,"",,
2012,"",,
2012,"",,
2012,"",,
2012,"",,
2012,"",,
2012,"",,
2012,"",,
2012,"",,
2012,"",,
2012,"",,
2012,"",,
2012,"",,
2012,"",,
2012,"",,
2012,"",,
2012,"",,
2012,"",,
2012,"",,
2012,"",,
2012,"",,
2012,"",,
2012,"",,
2012,"",,
2012,"",,
2012,"",,
2012,"",,
2012,"",,
2012,"",,
2012,"",,
2012,"",,
2012,"",,
2012,"",,
2012,"",,
2012,"",,
2012,"",,
2012,"",,
2012,"",,
2012,"",,
2012,"",,
2012,"",,
2012,"",,
2012,"",,
2012,"",,
2012,"",,
2012,"",,
2012,"",,
2012,"",,
2012,"",,
2012,"",,
2012,"",,
2012,"",,
2012,"",,
2012,"",,
2012,"",,
2012,"",,
2012,"",,
2012,"",,
2012,"",,
2012,"",,
2012,"",,
2012,"",,
2012,"",,
2012,"",,
2012,"",,
2012,"",,
2012,"",,
2012,"",,
2012,"",,
2012,"",,
2012,"",,
2012,"",,
2012,"",,
2012,"",,
2012,"",,
2012,"",,
2012,"",,
2012,"",,
2012,"",,
2012,"",,
2012,"",,
2012,"",,
2012,"",,
2012,"",,
2012,"",,
2012,"",,
2012,"",,
2012,"",,
2012,"",,
2012,"",,
2012,"",,
2012,"",,
2012,"",,
2012,"",,
2012,"",,
2012,"",,
2012,"",,
2012,"",,
2012,"",,
2012,"",,
2012,"",,
2012,"",,
2012,"",,
2012,"",,
2012,"",,
2012,"",,
2012,"",,
2012,"",,
2012,"",,
2012,"",,
2012,"",,
2012,"",,
2012,"",,
2012,"",,
2012,"",,
2012,"",,
2012,"",,
2012,"",,
2012,"",,
2012,"",,
2012,"",,
2012,"",,
2012,"",,
2012,"",,
2012,"",,
2012,"",,
2012,"",,
2012,"",,
2012,"",,
2012,"",,
2012,"",,
2012,"",,
2012,"",,
2012,"",,
2012,"",,
2012,"",,
2012,"",,
2012,"",,
2012,"",,
2012,"",,
2012,"",,
2012,"",,
2012,"",,
2012,"",,
2012,"",,
2012,"",,
2012,"",,
2012,"",,
2012,"",,
2012,"",,
2012,"",,
2012,"",,
2012,"",,
2012,"",,
2012,"",,
2012,"",,
2012,"",,
2012,"",,
2012,"",,
2012,"",,
2012,"",,
2012,"",,
2012,"",,
2012,"",,
2012,"",,
2012,"",,
2012,"",,
2012,"",,
2012,"",,
2012,"",,
2012,"",,
2012,"",,
2012,"",,
2012,"",,
2012,"",,
2012,"",,
2012,"",,
2012,"",,
2012,"",,
2012,"",,
2012,"",,
2012,"",,
